www.google.com,6095,www.google.com
www.baidu.com,2154,www.baidu.com
www.bing.com,694,www.bing.com
www.google.co.in,500,www.google.com
www.homeclicking.com,483,www.homeclicking.com
search.yahoo.com,481,search.yahoo.com
googleads.g.doubleclick.net,345,www.google.com
www.google.co.uk,338,www.google.com
www.google.com.au,324,www.google.com
www.google.ca,244,www.google.com
www.youtube.com,234,www.youtube.com
www.google.com.pk,230,www.google.com
search.tb.ask.com,200,www.ask.com
dp.g.doubleclick.net,180,doubleclick.net
www.v4solutions.net,171,www.v4solutions.net
www.google.ae,160,www.google.com
www.google.co.th,141,www.google.com
www.amazon.com,132,www.amazon.com
cn.bing.com,123,www.bing.com
www.local.com,121,www.local.com
www.amazon.ca,106,www.amazon.com
www.google.jo,89,www.google.com
www.google.dk,87,www.google.com
www.google.ie,78,www.google.com
www.google.com.kw,76,www.google.com
www.search.ask.com,73,www.ask.com
www.google.com.eg,73,www.google.com
www.google.com.sa,71,www.google.com
www.google.ru,69,www.google.com
www.google.com.ph,67,www.google.com
www.google.be,66,www.google.com
www.google.co.nz,61,www.google.com
www.google.com.my,58,www.google.com
www.google.com.sg,53,www.google.com
www.google.es,44,www.google.com
www.google.com.bd,44,www.google.com
www.gamebaby.com,40,www.gamebaby.com
www.google.com.bh,38,www.google.com
www.google.ro,37,www.google.com
www.sogou.com,36,www.sogou.com
yandex.ru,36,yandex.ru
www.google.co.id,36,www.google.com
uk.search.yahoo.com,35,search.yahoo.com
www.so.com,34,www.so.com
www.amazon.co.uk,33,www.amazon.com
123.sogou.com,33,123.sogou.com
www.webcrawler.com,31,www.webcrawler.com
www.google.com.vn,30,www.google.com
www.google.nl,27,www.google.com
www.google.de,27,www.google.com
ecrimea.net,27,ecrimea.net
www.google.co.za,24,www.google.com
www.google.se,22,www.google.com
www.pradopoint.com,22,www.pradopoint.com
www.google.com.do,22,www.google.com
www.google.com.gh,21,www.google.com
ads.acesse.com,21,ads.acesse.com
www.pinterest.com,21,www.pinterest.com
www.google.fr,20,www.google.com
www.google.com.ng,19,www.google.com
us.wow.com,19,us.wow.com
szukaj.onet.pl,19,szukaj.onet.pl
m.facebook.com,18,m.facebook.com
www.google.ng,16,www.google.com
de.search.yahoo.com,16,search.yahoo.com
in.yhs4.search.yahoo.com,16,search.yahoo.com
www.google.tn,15,www.google.com
www.google.com.ua,15,www.google.com
de.images.search.yahoo.com,14,search.yahoo.com
www.google.com.pr,14,www.google.com
www.0594666.com,14,www.0594666.com
pagead2.googlesyndication.com,13,www.google.com
www.coolsocialsearch.com,13,www.coolsocialsearch.com
www.instructables.com,13,www.instructables.com
clickcompare.info,12,clickcompare.info
www.google.it,12,www.google.com
www.google.com.tr,12,www.google.com
speedial.com,11,speedial.com
www.yandex.com,11,www.yandex.com
www.traidnt.net,11,www.traidnt.net
za.ask.com,11,www.ask.com
www.google.co.jp,10,www.google.com
shenglintec.en.alibaba.com,9,shenglintec.en.alibaba.com
www.door.com,9,www.door.com
www.google.hr,9,www.google.com
www.info.com,9,www.info.com
www.google.co.kr,8,www.google.com
vk.com,8,vk.com
www.google.iq,8,www.google.com
www.zapmeta.co.in,7,www.zapmeta.co.in
trade.m.biz,7,trade.m.biz
www.idealprice.co.uk,7,www.idealprice.co.uk
www.1688.com,6,www.1688.com
www.google.co.il,6,www.google.com
yandex.ua,6,yandex.ua
675370867.keywordblocks.com,6,675370867.keywordblocks.com
www.google.com.np,5,www.google.com
www.google.mv,5,www.google.com
www.homedepot.com,5,www.homedepot.com
www.b2b98.com,5,www.b2b98.com
www.google.pt,5,www.google.com
isearch.avg.com,4,isearch.avg.com
mattressmachine.en.alibaba.com,4,mattressmachine.en.alibaba.com
www.google.com.hk,4,www.google.com
www.ebay.com,4,www.ebay.com
k7x.com,4,k7x.com
www.google.com.na,4,www.google.com
www.kijiji.ca,3,www.kijiji.ca
www.google.dz,3,www.google.com
www.manygames.com,3,www.manygames.com
search.aol.com,3,search.aol.com
iufy.com,3,iufy.com
search.charter.net,3,search.charter.net
softmaroc.org,2,softmaroc.org
www.facebook.com,2,www.facebook.com
www.ask.cole=cleaow[,2,www.ask.cole=cleaow[
www.dragon-guide.net,2,www.dragon-guide.net
www.google.co.zm,2,www.google.com
search.yahoo.co.jp,2,search.yahoo.com
www.google.com.tw,2,www.google.com
www.baidu.co.th,2,www.baidu.com
evillagetoys.com,1,evillagetoys.com
www.strawhatsamuraiduels.com,1,www.strawhatsamuraiduels.com
www.gumtree.co.za,1,www.gumtree.co.za
detail.1688.com,1,detail.1688.com
www.ehow.com,1,www.ehow.com
shopping.livelocal.net,1,shopping.livelocal.net
www.wayfair.com,1,www.wayfair.com
girl.me,1,girl.me
interplastic.net,1,interplastic.net
infomash.org,1,infomash.org
www.limoway.com.au,1,www.limoway.com.au
kai-limited.com,1,kai-limited.com
briggsdiecast.com,1,briggsdiecast.com
v4solutions.net,1,v4solutions.net
eplaced.com,1,eplaced.com
www.charter.net,1,www.charter.net
xgknitting.com,1,xgknitting.com
greekmoda.com,1,greekmoda.com
