www.google.com,554
www.baidu.com,185
www.google.co.in,159
www.v4solutions.net,151
www.google.com.pk,114
www.google.com.au,67
www.youtube.com,48
googleads.g.doubleclick.net,45
www.google.co.uk,41
www.bing.com,41
www.google.com.ph,38
www.homeclicking.com,37
www.google.com.eg,31
r.search.yahoo.com,29
www.google.co.id,28
dp.g.doubleclick.net,27
www.google.ca,25
www.google.com.sa,24
www.google.com.vn,22
www.google.co.th,22
www.google.gr,21
www.google.co.za,15
www.google.com.kw,15
www.google.es,13
www.google.ru,13
www.google.ae,12
www.amazon.com,11
www.google.fr,11
www.google.com.ng,10
www.so.com,10
www.google.dk,10
www.google.nl,10
www.google.de,10
www.sogou.com,9
cn.bing.com,9
www.google.com.ua,9
www.google.com.tr,9
www.google.co.kr,8
www.google.co.il,8
www.google.pl,8
www.google.kz,7
www.google.ro,7
www.google.dz,6
www.google.com.gh,6
www.google.com.pr,6
yandex.ru,6
www.google.ie,6
www.google.it,6
www.google.ps,6
www.google.com.bd,6
www.webcrawler.com,5
www.google.tn,5
ads.acesse.com,5
www.google.com.hk,5
www.google.rs,5
www.b2b98.com,5
www.google.com.na,5
www.google.com.my,5
search.tb.ask.com,4
www.google.bs,4
www.google.be,4
www.google.se,4
vk.com,4
www.homedepot.com,4
www.google.iq,4
www.search.ask.com,4
www.google.pt,4
search.yahoo.com,4
www.google.lv,3
www.google.com.np,3
www.amazon.ca,3
www.google.mu,3
www.google.lk,3
www.google.com.sg,3
www.google.at,3
www.google.com.bh,3
www.google.am,3
de.search.yahoo.com,3
www.google.fi,3
in.yhs4.search.yahoo.com,3
www.google.com.ly,3
www.google.com.cy,3
www.google.co.tz,2
shenglintec.en.alibaba.com,2
isearch.avg.com,2
pagead2.googlesyndication.com,2
www.door.com,2
www.google.co.ls,2
www.amazon.co.uk,2
www.ask.cole=cleaow[,2
www.google.jo,2
www.gamebaby.com,2
www.google.bg,2
www.traidnt.net,2
www.google.cz,2
www.google.co.jp,2
www.pinterest.com,2
www.google.hu,2
www.google.hr,2
us.wow.com,2
uk.search.yahoo.com,2
www.google.com.tw,2
www.google.co.nz,2
www.google.com.do,2
softmaroc.org,1
www.1688.com,1
m.peeplo.com,1
evillagetoys.com,1
www.googleadservices.com,1
www.kijiji.ca,1
clickcompare.info,1
www.google.lt,1
www.strawhatsamuraiduels.com,1
www.gumtree.co.za,1
l.facebook.com,1
www.manygames.com,1
detail.1688.com,1
www.ehow.com,1
www.google.me,1
shopping.livelocal.net,1
www.google.md,1
www.wayfair.com,1
www.google.mv,1
www.facebook.com,1
girl.me,1
speedial.com,1
mattressmachine.en.alibaba.com,1
www.seektoexplore.com,1
www.google.ng,1
interplastic.net,1
lm.facebook.com,1
infomash.org,1
www.google.by,1
de.images.search.yahoo.com,1
www.yandex.com,1
www.local.com,1
www.limoway.com.au,1
kai-limited.com,1
m.facebook.com,1
briggsdiecast.com,1
www.dragon-guide.net,1
www.google.co.bw,1
www.zapmeta.co.in,1
www.google.ch,1
www.ebay.com,1
v4solutions.net,1
za.ask.com,1
search.aol.com,1
eplaced.com,1
www.google.com.kh,1
www.google.is,1
trade.m.biz,1
www.idealprice.co.uk,1
www.0594666.com,1
www.google.co.zm,1
yandex.ua,1
www.charter.net,1
www.pradopoint.com,1
szukaj.onet.pl,1
search.yahoo.co.jp,1
675370867.keywordblocks.com,1
iufy.com,1
k7x.com,1
www.baidu.co.th,1
www.coolsocialsearch.com,1
search.charter.net,1
www.instructables.com,1
ecrimea.net,1
123.sogou.com,1
xgknitting.com,1
www.info.com,1
greekmoda.com,1